Источник,SS,df,MS,F,p-value
Фактор A (межгрупп.),158.43172264653424,3,52.810574215511416,0.3346885986698565,0.8003351699151985
Внутригрупп.,4418.125038949817,28,157.79017996249348,,
Итого,4576.556761596352,31,,,
