Источник,SS,df,MS,F,p-value
Фактор A,1037.45686561075,3,345.8189552035833,0.879069418961633,0.46779954371468846
Фактор B (блоки),2877.604482370681,7,411.08635462438303,1.044978701904793,0.43088214803276403
Остаток,8261.233871442646,21,393.39208911631647,,
Итого,12176.295219424077,31,,,
