Источник,SS,df,MS,F,p-value
Фактор A,0.5445397129797735,3,0.18151323765992453,0.06557090829401589,0.9775303522119272
Фактор B (блоки),727.9954415237086,7,103.99934878910122,37.569335713486296,1.757956002990113e-10
Остаток,58.132151742761266,21,2.7681977020362507,,
Итого,786.6721329794497,31,,,
