Источник,SS,df,MS,F,p-value
Фактор A,376.1226991114583,3,125.37423303715276,63.79246326662351,1.0143774709092668e-10
Фактор B (блоки),609.051258485709,7,87.00732264081557,44.270750847558176,3.621947186616126e-11
Остаток,41.27225629736313,21,1.9653455379696727,,
Итого,1026.4462138945305,31,,,
