Источник,SS,df,MS,F,p-value
Фактор A,158.43172264653424,3,52.810574215511416,13.234339430216961,4.520275678243646e-05
Фактор B (блоки),4334.326216622985,7,619.1894595175693,155.16899031295148,1.1102230246251565e-16
Остаток,83.79882232683212,21,3.9904201108015296,,
Итого,4576.556761596352,31,,,
