scenario,one_way_F,one_way_p,one_way_SS_within,two_way_F_A,two_way_p_A,two_way_SS_error,two_way_SS_B,SS_B_fraction,power_gain
Сценарий 2,0.3346885986698565,0.8003351699151985,4418.125038949817,13.234339430216961,4.520275678243646e-05,83.79882232683212,4334.326216622985,0.9810329446115561,39.54224757823788
