dataset,description,n1,n2,n3,mean1,mean2,mean3,std1,std2,std3,var1,var2,var3,f_statistic,p_value_fisher,fisher_significant,h_statistic,p_value_kruskal,kruskal_significant,jt_statistic,z_jt,p_value_jonckheere,jonckheere_significant
dataset_1,"Нормальные распределения: mean=10,12,14; std=2",30,30,30,9.475279248210168,11.654700826212217,14.023314096043125,1.9478700954256587,2.086865610357258,2.144658813995521,3.7941979086535644,4.355008075691772,4.599561428448674,36.52685848981911,3.04457543705911e-12,True,42.102954822954814,7.202106253592106e-10,True,1830,1.0627598134657983,0.28789088810997354,False
dataset_2,"Нормальные распределения: mean=10,11,12; std=1,3,5",30,30,30,9.892276640150243,10.47327190738262,13.902372144460315,0.993834680702351,2.574602346542529,4.630557687729024,0.9877073725667441,6.6285772428222955,21.44206449938637,14.545122528571264,3.5520029907792475e-06,True,16.932161172161216,0.00021048827942554997,True,1064,-0.6332277221900382,0.5265849448241726,False
dataset_3,Стандартные нормальные распределения: mean=0; std=1,30,30,30,0.15358502645057648,0.15528208308417332,0.10258756615175968,1.076233798913255,0.901918367294242,0.8359561623990066,1.158279189923257,0.8134567412627112,0.6988227054528744,0.030220267395022173,0.9702419797260743,False,0.3060317460317492,0.8581161008128004,False,-90,-3.188279440397395,0.0014312215001701656,True
dataset_4,"Нормальные распределения с выбросами: mean=10,12,14; std=2",30,30,30,12.884372100499283,12.244842630960104,13.821308580287988,16.914398945700988,1.5333133482826642,3.0775935241554473,286.0968916943307,2.3510498240217945,9.471581899923546,0.18992173233619547,0.8273658212485248,False,39.03423687423685,3.340589872165582e-09,True,1814,1.0273344863502718,0.30426298880943303,False
