sample,mean,std,variance,cv
sample_1,9.892276640150243,0.993834680702351,0.9877073725667441,0.10046571854537792
sample_2,10.47327190738262,2.574602346542529,6.6285772428222955,0.24582598153760232
sample_3,13.902372144460315,4.630557687729024,21.44206449938637,0.3330768044196087
